,HD_stats_isoform,HD_Nowak_stats_isoform,Nowak_lifted_6Chr_isoform,HM_stats_isoform
Total sequence length,186516113,177074070,186516113,168929297
Number of genes,10241,15165,14836,10139
Number of mRNAs,10241,15165,14836,10139
Number of exons,69291,70453,69208,73590
Number of introns,59050,55288,54372,63451
Number of CDS,10241,15165,14835,10139
Overlapping genes,261,223,292,52
Contained genes,93,70,100,23
CDS: complete,10236,0,0,0
CDS: start no stop,2,0,0,0
CDS: stop no start,3,0,0,0
CDS: no stop no start,0,15165,14836,10139
Total gene length,77480168,64597520,63515293,69787976
Total mRNA length,76109929,62656324,61574740,69665050
Total exon length,16041088,16625467,16351720,16567035
Total intron length,60186941,46141433,45331764,53224917
Total CDS length,16041088,14827287,14576976,16566552
Shortest gene,13,150,84,201
Shortest mRNA,13,150,84,201
Shortest exon,1,1,1,1
Shortest intron,25,20,2,25
Shortest CDS,13,150,4,201
Longest gene,441516,111112,111102,90137
Longest mRNA,441516,111112,111102,90137
Longest exon,20172,18969,18969,14821
Longest intron,287130,19840,19862,31806
Longest CDS,24744,21660,21660,41763
mean gene length,7565.68,4259.65,4281.16,6883.12
mean mRNA length,7431.88,4131.64,4150.36,6871.0
mean exon length,231.5,235.98,236.27,225.13
mean intron length,1019.25,834.57,833.73,838.83
mean CDS length,1566.36,977.73,982.61,1633.94
% of genome covered by genes,41.5,36.5,34.1,41.3
% of genome covered by CDS,8.6,8.4,7.8,9.8
mean mRNAs per gene,1.0,1.0,1.0,1.0
mean exons per mRNA,6.77,4.65,4.66,7.26
mean introns per mRNA,5.77,3.65,3.66,6.26
