,HD_stats,HD_Nowak_stats,Nowak_lifted_6Chr,HM_stats
Total sequence length,186516113,177074070,186516113,168929297
Number of genes,10241,15165,14836,10139
Number of mRNAs,14960,19306,18939,11429
Number of exons,125129,103033,101604,90693
Number of introns,110169,83727,82665,79264
Number of CDS,14960,19306,18938,11429
Overlapping genes,261,223,292,52
Contained genes,93,70,100,23
CDS: complete,14951,0,0,0
CDS: start no stop,4,0,0,0
CDS: stop no start,5,0,0,0
CDS: no stop no start,0,19306,18939,11429
Total gene length,77480168,64597520,63515293,69787976
Total mRNA length,147229400,94710894,93482266,88440988
Total exon length,27064413,23676488,23358688,19766769
Total intron length,120385325,71201860,70288908,68832747
Total CDS length,27064413,20253948,19975417,19766286
Shortest gene,13,150,84,201
Shortest mRNA,13,150,84,201
Shortest exon,1,1,1,1
Shortest intron,25,20,2,25
Shortest CDS,13,150,4,201
Longest gene,441516,111112,111102,90137
Longest mRNA,441516,111112,111102,90137
Longest exon,20172,18969,18969,14821
Longest intron,287130,19840,19862,31806
Longest CDS,24744,21660,21660,41763
mean gene length,7565.68,4259.65,4281.16,6883.12
mean mRNA length,9841.54,4905.78,4935.97,7738.3
mean exon length,216.29,229.8,229.9,217.95
mean intron length,1092.73,850.41,850.29,868.4
mean CDS length,1809.12,1049.1,1054.78,1729.49
% of genome covered by genes,41.5,36.5,34.1,41.3
% of genome covered by CDS,14.5,11.4,10.7,11.7
mean mRNAs per gene,1.46,1.27,1.28,1.13
mean exons per mRNA,8.36,5.34,5.36,7.94
mean introns per mRNA,7.36,4.34,4.36,6.94
