genome1,genome2,chr1,chr2,blkID,startBp1,endBp1,startOrd1,endOrd1,firstGene1,lastGene1,nHits1,minBp2,maxBp2,minOrd2,maxOrd2,minGene2,maxGene2,nHits2,orient,startBp2,endBp2,startOrd2,endOrd2,firstGene2,lastGene2
HD,HM,1,HMN_01_pilon,HD_vs_HM: 3,2151813,6301815,144,364,0_143,0_363,155,1450252,4696955,110,311,1_109,1_310,155,+,1450252,4696955,110,311,1_109,1_310
HD,HM,1,HMN_01_pilon,HD_vs_HM: 5,8255855,29225252,479,1683,0_478,0_1682,1016,6318068,24344185,411,1651,1_410,1_1650,1016,+,6318068,24344185,411,1651,1_410,1_1650
HD,HM,1,HMN_01_pilon,HD_vs_HM: 7,30409194,33899916,1746,1945,0_1745,0_1944,171,25317392,28671349,1722,1932,1_1721,1_1931,171,+,25317392,28671349,1722,1932,1_1721,1_1931
HD,HM,1,HMN_01_pilon,HD_vs_HM: 9,42807822,46393601,2426,2669,0_2425,0_2668,182,36928488,42989872,2498,2794,1_2497,1_2793,182,+,36928488,42989872,2498,2794,1_2497,1_2793
HD,HM,2,HMN_02_pilon,HD_vs_HM: 10,302142,7604926,2673,3071,0_2672,0_3070,298,259999,8544520,2804,3282,1_2803,1_3281,298,+,259999,8544520,2804,3282,1_2803,1_3281
HD,HM,2,HMN_02_pilon,HD_vs_HM: 12,8861995,10356807,3125,3205,0_3124,0_3204,72,13657954,14933225,3390,3475,1_3389,1_3474,72,+,13657954,14933225,3390,3475,1_3389,1_3474
HD,HM,2,HMN_02_pilon,HD_vs_HM: 14,12165846,19838909,3307,3737,0_3306,0_3736,327,16595500,23714846,3547,3962,1_3546,1_3961,327,+,16595500,23714846,3547,3962,1_3546,1_3961
HD,HM,2,HMN_02_pilon,HD_vs_HM: 16,20963220,21442139,3793,3830,0_3792,0_3829,27,25134390,25494509,4064,4091,1_4063,1_4090,27,+,25134390,25494509,4064,4091,1_4063,1_4090
HD,HM,2,HMN_02_pilon,HD_vs_HM: 18,22506473,29127503,3893,4167,0_3892,0_4166,190,27519964,31580388,4167,4403,1_4166,1_4402,190,+,27519964,31580388,4167,4403,1_4166,1_4402
HD,HM,3,HMN_03_pilon,HD_vs_HM: 19,251384,8328819,4192,4608,0_4191,0_4607,267,39013,10866695,4409,4843,1_4408,1_4842,267,+,39013,10866695,4409,4843,1_4408,1_4842
HD,HM,3,HMN_03_pilon,HD_vs_HM: 21,13861285,21630316,4899,5320,0_4898,0_5319,352,15453355,22181295,5145,5583,1_5144,1_5582,352,+,15453355,22181295,5145,5583,1_5144,1_5582
HD,HM,3,HMN_03_pilon,HD_vs_HM: 23,22382721,26744084,5364,5612,0_5363,0_5611,208,22757334,25763037,5623,5866,1_5622,1_5865,208,+,22757334,25763037,5623,5866,1_5622,1_5865
HD,HM,4,HMN_04_pilon,HD_vs_HM: 24,78863,899289,5618,5681,0_5617,0_5680,53,39460,775280,5872,5930,1_5871,1_5929,53,+,39460,775280,5872,5930,1_5871,1_5929
HD,HM,4,HMN_04_pilon,HD_vs_HM: 26,12223209,13732532,6240,6321,0_6239,0_6320,74,1263641,2579128,5970,6055,1_5969,1_6054,74,+,1263641,2579128,5970,6055,1_5969,1_6054
HD,HM,4,HMN_04_pilon,HD_vs_HM: 28,14354387,16430900,6352,6446,0_6351,0_6445,66,10827671,12393195,6619,6710,1_6618,1_6709,66,+,10827671,12393195,6619,6710,1_6618,1_6709
HD,HM,4,HMN_04_pilon,HD_vs_HM: 30,20989114,31216617,6681,7259,0_6680,0_7258,414,16114659,24483924,6942,7476,1_6941,1_7475,414,+,16114659,24483924,6942,7476,1_6941,1_7475
HD,HM,4,HMN_04_pilon,HD_vs_HM: 33,32413506,32547856,7327,7332,0_7326,0_7331,6,23634468,23737646,7427,7432,1_7426,1_7431,6,+,23634468,23737646,7427,7432,1_7426,1_7431
HD,HM,5,HMN_05_pilon,HD_vs_HM: 34,17363,3363756,7340,7548,0_7339,0_7547,139,3863,2209858,7557,7738,1_7556,1_7737,139,+,3863,2209858,7557,7738,1_7556,1_7737
HD,HM,5,HMN_05_pilon,HD_vs_HM: 36,9438864,16072863,7796,8159,0_7795,0_8158,307,8421347,15217261,7984,8364,1_7983,1_8363,307,+,8421347,15217261,7984,8364,1_7983,1_8363
HD,HM,5,HMN_05_pilon,HD_vs_HM: 38,17116805,21690196,8212,8435,0_8211,0_8434,179,16144644,20008948,8423,8672,1_8422,1_8671,179,+,16144644,20008948,8423,8672,1_8422,1_8671
HD,HM,5,HMN_05_pilon,HD_vs_HM: 40,25922325,28667152,8652,8814,0_8651,0_8813,122,23245306,25302763,8883,9030,1_8882,1_9029,122,+,23245306,25302763,8883,9030,1_8882,1_9029
HD,HM,6,HMN_06_pilon,HD_vs_HM: 41,39907,18821512,8821,10074,0_8820,0_10073,642,121712,14948821,9035,9958,1_9034,1_9957,642,+,121712,14948821,9035,9958,1_9034,1_9957
HD,HM,6,HMN_06_pilon,HD_vs_HM: 43,20044172,21722536,10147,10240,0_10146,0_10239,73,16146158,17497348,10052,10138,1_10051,1_10137,73,+,16146158,17497348,10052,10138,1_10051,1_10137
HM,HD,HMN_01_pilon,1,HD_vs_HM: 3,1450252,4696955,110,311,1_109,1_310,155,2151813,6301815,144,364,0_143,0_363,155,+,2151813,6301815,144,364,0_143,0_363
HM,HD,HMN_01_pilon,1,HD_vs_HM: 5,6318068,24344185,411,1651,1_410,1_1650,1016,8255855,29225252,479,1683,0_478,0_1682,1016,+,8255855,29225252,479,1683,0_478,0_1682
HM,HD,HMN_01_pilon,1,HD_vs_HM: 7,25317392,28671349,1722,1932,1_1721,1_1931,171,30409194,33899916,1746,1945,0_1745,0_1944,171,+,30409194,33899916,1746,1945,0_1745,0_1944
HM,HD,HMN_01_pilon,1,HD_vs_HM: 9,36928488,42989872,2498,2794,1_2497,1_2793,182,42807822,46393601,2426,2669,0_2425,0_2668,182,+,42807822,46393601,2426,2669,0_2425,0_2668
HM,HD,HMN_02_pilon,2,HD_vs_HM: 10,259999,8544520,2804,3282,1_2803,1_3281,298,302142,7604926,2673,3071,0_2672,0_3070,298,+,302142,7604926,2673,3071,0_2672,0_3070
HM,HD,HMN_02_pilon,2,HD_vs_HM: 12,13657954,14933225,3390,3475,1_3389,1_3474,72,8861995,10356807,3125,3205,0_3124,0_3204,72,+,8861995,10356807,3125,3205,0_3124,0_3204
HM,HD,HMN_02_pilon,2,HD_vs_HM: 14,16595500,23714846,3547,3962,1_3546,1_3961,327,12165846,19838909,3307,3737,0_3306,0_3736,327,+,12165846,19838909,3307,3737,0_3306,0_3736
HM,HD,HMN_02_pilon,2,HD_vs_HM: 16,25134390,25494509,4064,4091,1_4063,1_4090,27,20963220,21442139,3793,3830,0_3792,0_3829,27,+,20963220,21442139,3793,3830,0_3792,0_3829
HM,HD,HMN_02_pilon,2,HD_vs_HM: 18,27519964,31580388,4167,4403,1_4166,1_4402,190,22506473,29127503,3893,4167,0_3892,0_4166,190,+,22506473,29127503,3893,4167,0_3892,0_4166
HM,HD,HMN_03_pilon,3,HD_vs_HM: 19,39013,10866695,4409,4843,1_4408,1_4842,267,251384,8328819,4192,4608,0_4191,0_4607,267,+,251384,8328819,4192,4608,0_4191,0_4607
HM,HD,HMN_03_pilon,3,HD_vs_HM: 21,15453355,22181295,5145,5583,1_5144,1_5582,352,13861285,21630316,4899,5320,0_4898,0_5319,352,+,13861285,21630316,4899,5320,0_4898,0_5319
HM,HD,HMN_03_pilon,3,HD_vs_HM: 23,22757334,25763037,5623,5866,1_5622,1_5865,208,22382721,26744084,5364,5612,0_5363,0_5611,208,+,22382721,26744084,5364,5612,0_5363,0_5611
HM,HD,HMN_04_pilon,4,HD_vs_HM: 24,39460,775280,5872,5930,1_5871,1_5929,53,78863,899289,5618,5681,0_5617,0_5680,53,+,78863,899289,5618,5681,0_5617,0_5680
HM,HD,HMN_04_pilon,4,HD_vs_HM: 26,1263641,2579128,5970,6055,1_5969,1_6054,74,12223209,13732532,6240,6321,0_6239,0_6320,74,+,12223209,13732532,6240,6321,0_6239,0_6320
HM,HD,HMN_04_pilon,4,HD_vs_HM: 28,10827671,12393195,6619,6710,1_6618,1_6709,66,14354387,16430900,6352,6446,0_6351,0_6445,66,+,14354387,16430900,6352,6446,0_6351,0_6445
HM,HD,HMN_04_pilon,4,HD_vs_HM: 30,16114659,24483924,6942,7476,1_6941,1_7475,414,20989114,31216617,6681,7259,0_6680,0_7258,414,+,20989114,31216617,6681,7259,0_6680,0_7258
HM,HD,HMN_04_pilon,4,HD_vs_HM: 33,23634468,23737646,7427,7432,1_7426,1_7431,6,32413506,32547856,7327,7332,0_7326,0_7331,6,+,32413506,32547856,7327,7332,0_7326,0_7331
HM,HD,HMN_05_pilon,5,HD_vs_HM: 34,3863,2209858,7557,7738,1_7556,1_7737,139,17363,3363756,7340,7548,0_7339,0_7547,139,+,17363,3363756,7340,7548,0_7339,0_7547
HM,HD,HMN_05_pilon,5,HD_vs_HM: 36,8421347,15217261,7984,8364,1_7983,1_8363,307,9438864,16072863,7796,8159,0_7795,0_8158,307,+,9438864,16072863,7796,8159,0_7795,0_8158
HM,HD,HMN_05_pilon,5,HD_vs_HM: 38,16144644,20008948,8423,8672,1_8422,1_8671,179,17116805,21690196,8212,8435,0_8211,0_8434,179,+,17116805,21690196,8212,8435,0_8211,0_8434
HM,HD,HMN_05_pilon,5,HD_vs_HM: 40,23245306,25302763,8883,9030,1_8882,1_9029,122,25922325,28667152,8652,8814,0_8651,0_8813,122,+,25922325,28667152,8652,8814,0_8651,0_8813
HM,HD,HMN_06_pilon,6,HD_vs_HM: 41,121712,14948821,9035,9958,1_9034,1_9957,642,39907,18821512,8821,10074,0_8820,0_10073,642,+,39907,18821512,8821,10074,0_8820,0_10073
HM,HD,HMN_06_pilon,6,HD_vs_HM: 43,16146158,17497348,10052,10138,1_10051,1_10137,73,20044172,21722536,10147,10240,0_10146,0_10239,73,+,20044172,21722536,10147,10240,0_10146,0_10239
HD,HM,1,HMN_01_pilon,HD_vs_HM: 1,295976,888016,3,49,0_2,0_48,38,84542,543714,5,46,1_4,1_45,38,-,543714,84542,46,5,1_45,1_4
HD,HM,1,HMN_01_pilon,HD_vs_HM: 2,903620,1974399,51,132,0_50,0_131,41,559738,1412282,49,106,1_48,1_105,41,-,1412282,559738,106,49,1_105,1_48
HD,HM,1,HMN_01_pilon,HD_vs_HM: 4,6309138,8188601,365,475,0_364,0_474,87,4800543,6310852,312,410,1_311,1_409,87,-,6310852,4800543,410,312,1_409,1_311
HD,HM,1,HMN_01_pilon,HD_vs_HM: 6,29206645,30403661,1682,1745,0_1681,0_1744,51,24385942,25309789,1654,1721,1_1653,1_1720,51,-,25309789,24385942,1721,1654,1_1720,1_1653
HD,HM,1,HMN_01_pilon,HD_vs_HM: 8,33973395,42409877,1947,2419,0_1946,0_2418,384,28680625,36918868,1933,2496,1_1932,1_2495,384,-,36918868,28680625,2496,1933,1_2495,1_1932
HD,HM,2,HMN_02_pilon,HD_vs_HM: 11,7621893,8825658,3072,3122,0_3071,0_3121,39,14991169,16565810,3480,3544,1_3479,1_3543,39,-,16565810,14991169,3544,3480,1_3543,1_3479
HD,HM,2,HMN_02_pilon,HD_vs_HM: 13,10323718,12121034,3204,3304,0_3203,0_3303,89,12103782,13496015,3284,3381,1_3283,1_3380,89,-,13496015,12103782,3381,3284,1_3380,1_3283
HD,HM,2,HMN_02_pilon,HD_vs_HM: 15,19873565,20950226,3738,3792,0_3737,0_3791,45,23851533,24776231,3973,4035,1_3972,1_4034,45,-,24776231,23851533,4035,3973,1_4034,1_3972
HD,HM,2,HMN_02_pilon,HD_vs_HM: 17,21447520,22444414,3831,3889,0_3830,0_3888,47,25551273,27511548,4092,4165,1_4091,1_4164,47,-,27511548,25551273,4165,4092,1_4164,1_4091
HD,HM,3,HMN_03_pilon,HD_vs_HM: 20,8386981,13779698,4619,4898,0_4618,0_4897,201,10954686,15211009,4849,5124,1_4848,1_5123,201,-,15211009,10954686,5124,4849,1_5123,1_4848
HD,HM,3,HMN_03_pilon,HD_vs_HM: 22,21648708,22369657,5322,5362,0_5321,0_5361,37,22184925,22744143,5584,5622,1_5583,1_5621,37,-,22744143,22184925,5622,5584,1_5621,1_5583
HD,HM,4,HMN_04_pilon,HD_vs_HM: 25,1661845,12170618,5684,6234,0_5683,0_6233,428,2633844,10838444,6058,6620,1_6057,1_6619,428,-,10838444,2633844,6620,6058,1_6619,1_6057
HD,HM,4,HMN_04_pilon,HD_vs_HM: 27,13776385,14257000,6322,6350,0_6321,0_6349,22,783040,1182988,5932,5958,1_5931,1_5957,22,-,1182988,783040,5958,5932,1_5957,1_5931
HD,HM,4,HMN_04_pilon,HD_vs_HM: 29,16442680,20958305,6447,6679,0_6446,0_6678,209,12403171,16107952,6711,6941,1_6710,1_6940,209,-,16107952,12403171,6941,6711,1_6940,1_6710
HD,HM,4,HMN_04_pilon,HD_vs_HM: 31,30060071,30293526,7178,7201,0_7177,0_7200,13,24499867,24675909,7477,7493,1_7476,1_7492,13,-,24675909,24499867,7493,7477,1_7492,1_7476
HD,HM,4,HMN_04_pilon,HD_vs_HM: 32,31259093,32387296,7261,7325,0_7260,0_7324,49,24747228,25559440,7497,7556,1_7496,1_7555,49,-,25559440,24747228,7556,7497,1_7555,1_7496
HD,HM,5,HMN_05_pilon,HD_vs_HM: 35,3589027,9366759,7551,7790,0_7550,0_7789,132,3451822,6685328,7749,7974,1_7748,1_7973,132,-,6685328,3451822,7974,7749,1_7973,1_7748
HD,HM,5,HMN_05_pilon,HD_vs_HM: 37,16093441,17106114,8160,8211,0_8159,0_8210,46,15253885,16128200,8366,8422,1_8365,1_8421,46,-,16128200,15253885,8422,8366,1_8421,1_8365
HD,HM,5,HMN_05_pilon,HD_vs_HM: 39,21768859,25905276,8438,8651,0_8437,0_8650,171,20008436,23192731,8672,8880,1_8671,1_8879,171,-,23192731,20008436,8880,8672,1_8879,1_8671
HD,HM,6,HMN_06_pilon,HD_vs_HM: 42,18831772,20004282,10075,10144,0_10074,0_10143,53,15145604,16105375,9981,10050,1_9980,1_10049,53,-,16105375,15145604,10050,9981,1_10049,1_9980
HM,HD,HMN_01_pilon,1,HD_vs_HM: 1,84542,543714,5,46,1_4,1_45,38,295976,888016,3,49,0_2,0_48,38,-,888016,295976,49,3,0_48,0_2
HM,HD,HMN_01_pilon,1,HD_vs_HM: 2,559738,1412282,49,106,1_48,1_105,41,903620,1974399,51,132,0_50,0_131,41,-,1974399,903620,132,51,0_131,0_50
HM,HD,HMN_01_pilon,1,HD_vs_HM: 4,4800543,6310852,312,410,1_311,1_409,87,6309138,8188601,365,475,0_364,0_474,87,-,8188601,6309138,475,365,0_474,0_364
HM,HD,HMN_01_pilon,1,HD_vs_HM: 6,24385942,25309789,1654,1721,1_1653,1_1720,51,29206645,30403661,1682,1745,0_1681,0_1744,51,-,30403661,29206645,1745,1682,0_1744,0_1681
HM,HD,HMN_01_pilon,1,HD_vs_HM: 8,28680625,36918868,1933,2496,1_1932,1_2495,384,33973395,42409877,1947,2419,0_1946,0_2418,384,-,42409877,33973395,2419,1947,0_2418,0_1946
HM,HD,HMN_02_pilon,2,HD_vs_HM: 11,14991169,16565810,3480,3544,1_3479,1_3543,39,7621893,8825658,3072,3122,0_3071,0_3121,39,-,8825658,7621893,3122,3072,0_3121,0_3071
HM,HD,HMN_02_pilon,2,HD_vs_HM: 13,12103782,13496015,3284,3381,1_3283,1_3380,89,10323718,12121034,3204,3304,0_3203,0_3303,89,-,12121034,10323718,3304,3204,0_3303,0_3203
HM,HD,HMN_02_pilon,2,HD_vs_HM: 15,23851533,24776231,3973,4035,1_3972,1_4034,45,19873565,20950226,3738,3792,0_3737,0_3791,45,-,20950226,19873565,3792,3738,0_3791,0_3737
HM,HD,HMN_02_pilon,2,HD_vs_HM: 17,25551273,27511548,4092,4165,1_4091,1_4164,47,21447520,22444414,3831,3889,0_3830,0_3888,47,-,22444414,21447520,3889,3831,0_3888,0_3830
HM,HD,HMN_03_pilon,3,HD_vs_HM: 20,10954686,15211009,4849,5124,1_4848,1_5123,201,8386981,13779698,4619,4898,0_4618,0_4897,201,-,13779698,8386981,4898,4619,0_4897,0_4618
HM,HD,HMN_03_pilon,3,HD_vs_HM: 22,22184925,22744143,5584,5622,1_5583,1_5621,37,21648708,22369657,5322,5362,0_5321,0_5361,37,-,22369657,21648708,5362,5322,0_5361,0_5321
HM,HD,HMN_04_pilon,4,HD_vs_HM: 25,2633844,10838444,6058,6620,1_6057,1_6619,428,1661845,12170618,5684,6234,0_5683,0_6233,428,-,12170618,1661845,6234,5684,0_6233,0_5683
HM,HD,HMN_04_pilon,4,HD_vs_HM: 27,783040,1182988,5932,5958,1_5931,1_5957,22,13776385,14257000,6322,6350,0_6321,0_6349,22,-,14257000,13776385,6350,6322,0_6349,0_6321
HM,HD,HMN_04_pilon,4,HD_vs_HM: 29,12403171,16107952,6711,6941,1_6710,1_6940,209,16442680,20958305,6447,6679,0_6446,0_6678,209,-,20958305,16442680,6679,6447,0_6678,0_6446
HM,HD,HMN_04_pilon,4,HD_vs_HM: 31,24499867,24675909,7477,7493,1_7476,1_7492,13,30060071,30293526,7178,7201,0_7177,0_7200,13,-,30293526,30060071,7201,7178,0_7200,0_7177
HM,HD,HMN_04_pilon,4,HD_vs_HM: 32,24747228,25559440,7497,7556,1_7496,1_7555,49,31259093,32387296,7261,7325,0_7260,0_7324,49,-,32387296,31259093,7325,7261,0_7324,0_7260
HM,HD,HMN_05_pilon,5,HD_vs_HM: 35,3451822,6685328,7749,7974,1_7748,1_7973,132,3589027,9366759,7551,7790,0_7550,0_7789,132,-,9366759,3589027,7790,7551,0_7789,0_7550
HM,HD,HMN_05_pilon,5,HD_vs_HM: 37,15253885,16128200,8366,8422,1_8365,1_8421,46,16093441,17106114,8160,8211,0_8159,0_8210,46,-,17106114,16093441,8211,8160,0_8210,0_8159
HM,HD,HMN_05_pilon,5,HD_vs_HM: 39,20008436,23192731,8672,8880,1_8671,1_8879,171,21768859,25905276,8438,8651,0_8437,0_8650,171,-,25905276,21768859,8651,8438,0_8650,0_8437
HM,HD,HMN_06_pilon,6,HD_vs_HM: 42,15145604,16105375,9981,10050,1_9980,1_10049,53,18831772,20004282,10075,10144,0_10074,0_10143,53,-,20004282,18831772,10144,10075,0_10143,0_10074
HD,HD,1,1,HD HD selfBlk 1,182683,46393601,1,2669,0_0,0_2668,2669,182683,46393601,1,2669,0_0,0_2668,2669,+,182683,46393601,1,2669,0_0,0_2668
HD,HD,2,2,HD HD selfBlk 2,36601,29172741,2670,4187,0_2669,0_4186,1517,36601,29172741,2670,4187,0_2669,0_4186,1517,+,36601,29172741,2670,4187,0_2669,0_4186
HD,HD,3,3,HD HD selfBlk 3,18911,26979342,4188,5616,0_4187,0_5615,1428,18911,26979342,4188,5616,0_4187,0_5615,1428,+,18911,26979342,4188,5616,0_4187,0_5615
HD,HD,4,4,HD HD selfBlk 4,34541,32817257,5617,7339,0_5616,0_7338,1722,34541,32817257,5617,7339,0_5616,0_7338,1722,+,34541,32817257,5617,7339,0_5616,0_7338
HD,HD,5,5,HD HD selfBlk 5,17363,28902067,7340,8817,0_7339,0_8816,1476,17363,28902067,7340,8817,0_7339,0_8816,1476,+,17363,28902067,7340,8817,0_7339,0_8816
HD,HD,6,6,HD HD selfBlk 6,16276,21730785,8818,10241,0_8817,0_10240,1414,16276,21730785,8818,10241,0_8817,0_10240,1414,+,16276,21730785,8818,10241,0_8817,0_10240
HM,HM,HMN_01_pilon,HMN_01_pilon,HM HM selfBlk HMN_01_pilon,66428,43028179,1,2801,1_0,1_2800,2801,66428,43028179,1,2801,1_0,1_2800,2801,+,66428,43028179,1,2801,1_0,1_2800
HM,HM,HMN_02_pilon,HMN_02_pilon,HM HM selfBlk HMN_02_pilon,47305,31581040,2802,4404,1_2801,1_4403,1603,47305,31581040,2802,4404,1_2801,1_4403,1603,+,47305,31581040,2802,4404,1_2801,1_4403
HM,HM,HMN_03_pilon,HMN_03_pilon,HM HM selfBlk HMN_03_pilon,4111,25789803,4405,5869,1_4404,1_5868,1465,4111,25789803,4405,5869,1_4404,1_5868,1465,+,4111,25789803,4405,5869,1_4404,1_5868
HM,HM,HMN_04_pilon,HMN_04_pilon,HM HM selfBlk HMN_04_pilon,8347,25559440,5870,7556,1_5869,1_7555,1687,8347,25559440,5870,7556,1_5869,1_7555,1687,+,8347,25559440,5870,7556,1_5869,1_7555
HM,HM,HMN_05_pilon,HMN_05_pilon,HM HM selfBlk HMN_05_pilon,3863,25302763,7557,9030,1_7556,1_9029,1474,3863,25302763,7557,9030,1_7556,1_9029,1474,+,3863,25302763,7557,9030,1_7556,1_9029
HM,HM,HMN_06_pilon,HMN_06_pilon,HM HM selfBlk HMN_06_pilon,18294,17510374,9031,10139,1_9030,1_10138,1109,18294,17510374,9031,10139,1_9030,1_10138,1109,+,18294,17510374,9031,10139,1_9030,1_10138
